--
-- Group Number: 65
-- Group Members:
--   1. Brian Hu
--   2. Lee Jun Heng
--   3. Lip Pink Ray
--   4. Toh Keng Hian
--

-- country table
INSERT INTO country VALUES ('ESP', 'Spain', 'Europe');
INSERT INTO country VALUES ('BEL', 'Belgium', 'Europe');
INSERT INTO country VALUES ('ERI', 'Eritrea', 'Africa');
INSERT INTO country VALUES ('NOR', 'Norway', 'Europe');
INSERT INTO country VALUES ('FRA', 'France', 'Europe');
INSERT INTO country VALUES ('ITA', 'Italy', 'Europe');
INSERT INTO country VALUES ('SUI', 'Switzerland', 'Europe');
INSERT INTO country VALUES ('USA', 'United States of America', 'North America');
INSERT INTO country VALUES ('NED', 'Netherlands, Kingdom of the', 'Europe');
INSERT INTO country VALUES ('GER', 'Germany', 'Europe');
INSERT INTO country VALUES ('GBR', 'United Kingdom of Great Britain and Northern Ireland', 'Europe');
INSERT INTO country VALUES ('KAZ', 'Kazakhstan', 'Asia');
INSERT INTO country VALUES ('AUS', 'Australia', 'Oceania');
INSERT INTO country VALUES ('LAT', 'Latvia', 'Europe');
INSERT INTO country VALUES ('ISR', 'Israel', 'Asia');
INSERT INTO country VALUES ('SLO', 'Slovenia', 'Europe');
INSERT INTO country VALUES ('UAE', 'United Arab Emirates', 'Asia');
INSERT INTO country VALUES ('DEN', 'Denmark', 'Europe');
INSERT INTO country VALUES ('AUT', 'Austria', 'Europe');
INSERT INTO country VALUES ('CZE', 'Czechia', 'Europe');
INSERT INTO country VALUES ('BRN', 'Bahrain', 'Asia');
INSERT INTO country VALUES ('CAN', 'Canada', 'North America');
INSERT INTO country VALUES ('POR', 'Portugal', 'Europe');
INSERT INTO country VALUES ('IRL', 'Ireland', 'Europe');
INSERT INTO country VALUES ('COL', 'Colombia', 'South America');
INSERT INTO country VALUES ('ECU', 'Ecuador', 'South America');
INSERT INTO country VALUES ('NZL', 'New Zealand', 'Oceania');
INSERT INTO country VALUES ('POL', 'Poland', 'Europe');
INSERT INTO country VALUES ('ARG', 'Argentina', 'South America');

-- team table
INSERT INTO team VALUES ('ALPECIN-DECEUNINCK', 'BEL');
INSERT INTO team VALUES ('INTERMARCHÉ - WANTY', 'BEL');
INSERT INTO team VALUES ('UNO-X MOBILITY', 'NOR');
INSERT INTO team VALUES ('TOTALENERGIES', 'FRA');
INSERT INTO team VALUES ('TUDOR PRO CYCLING TEAM', 'SUI');
INSERT INTO team VALUES ('GROUPAMA-FDJ', 'FRA');
INSERT INTO team VALUES ('TEAM VISMA | LEASE A BIKE', 'NED');
INSERT INTO team VALUES ('INEOS GRENADIERS', 'GBR');
INSERT INTO team VALUES ('XDS ASTANA TEAM', 'KAZ');
INSERT INTO team VALUES ('MOVISTAR TEAM', 'ESP');
INSERT INTO team VALUES ('TEAM PICNIC POSTNL', 'NED');
INSERT INTO team VALUES ('EF EDUCATION - EASYPOST', 'USA');
INSERT INTO team VALUES ('ISRAEL - PREMIER TECH', 'ISR');
INSERT INTO team VALUES ('ARKEA-B&B HOTELS', 'FRA');
INSERT INTO team VALUES ('COFIDIS', 'FRA');
INSERT INTO team VALUES ('UAE TEAM EMIRATES XRG', 'UAE');
INSERT INTO team VALUES ('LIDL-TREK', 'USA');
INSERT INTO team VALUES ('TEAM JAYCO ALULA', 'AUS');
INSERT INTO team VALUES ('LOTTO', 'BEL');
INSERT INTO team VALUES ('RED BULL - BORA - HANSGROHE', 'GER');
INSERT INTO team VALUES ('BAHRAIN VICTORIOUS', 'BRN');
INSERT INTO team VALUES ('SOUDAL QUICK-STEP', 'BEL');
INSERT INTO team VALUES ('DECATHLON AG2R LA MONDIALE TEAM', 'FRA');

-- rider table
INSERT INTO rider VALUES (101, 'Jasper Philipsen', '2/3/1998', 'BEL', 'ALPECIN-DECEUNINCK');
INSERT INTO rider VALUES (41, 'Biniam Girmay', '2/4/2000', 'ERI', 'INTERMARCHÉ - WANTY');
INSERT INTO rider VALUES (228, 'Soren Waerenskjold', '12/3/2000', 'NOR', 'UNO-X MOBILITY');
INSERT INTO rider VALUES (187, 'Anthony Turgis', '16/5/1994', 'FRA', 'TOTALENERGIES');
INSERT INTO rider VALUES (118, 'Matteo Trentin', '2/8/1989', 'ITA', 'TUDOR PRO CYCLING TEAM');
INSERT INTO rider VALUES (98, 'Clément Russo', '20/1/1995', 'FRA', 'GROUPAMA-FDJ');
INSERT INTO rider VALUES (97, 'Paul Penhoet', '28/12/2001', 'FRA', 'GROUPAMA-FDJ');
INSERT INTO rider VALUES (15, 'Matteo Jorgenson', '1/7/1999', 'USA', 'TEAM VISMA | LEASE A BIKE');
INSERT INTO rider VALUES (116, 'Marius Mayrhofer', '18/9/2000', 'GER', 'TUDOR PRO CYCLING TEAM');
INSERT INTO rider VALUES (68, 'Samuel Watson', '24/9/2001', 'GBR', 'INEOS GRENADIERS');
INSERT INTO rider VALUES (177, 'Mike Teunissen', '25/8/1992', 'NED', 'XDS ASTANA TEAM');
INSERT INTO rider VALUES (145, 'Ivan Garcia Cortina', '20/11/1995', 'ESP', 'MOVISTAR TEAM');
INSERT INTO rider VALUES (196, 'Niklas Märkl', '3/3/1999', 'GER', 'TEAM PICNIC POSTNL');
INSERT INTO rider VALUES (36, 'Harrison Sweeny', '9/7/1998', 'AUS', 'EF EDUCATION - EASYPOST');
INSERT INTO rider VALUES (207, 'Krists Neilands', '18/8/1994', 'LAT', 'ISRAEL - PREMIER TECH');
INSERT INTO rider VALUES (131, 'Kévin Vauquelin', '26/4/2001', 'FRA', 'ARKEA-B&B HOTELS');
INSERT INTO rider VALUES (168, 'Damien Touze', '7/7/1996', 'FRA', 'COFIDIS');
INSERT INTO rider VALUES (1, 'Tadej Pogacar', '21/9/1998', 'SLO', 'UAE TEAM EMIRATES XRG');
INSERT INTO rider VALUES (202, 'Pascal Ackermann', '17/1/1994', 'GER', 'ISRAEL - PREMIER TECH');
INSERT INTO rider VALUES (11, 'Jonas Vingegaard', '10/12/1996', 'DEN', 'TEAM VISMA | LEASE A BIKE');
INSERT INTO rider VALUES (87, 'Jasper Stuyven', '17/4/1992', 'BEL', 'LIDL-TREK');
INSERT INTO rider VALUES (113, 'Marco Haller', '1/4/1991', 'AUT', 'TUDOR PRO CYCLING TEAM');
INSERT INTO rider VALUES (103, 'Kaden Groves', '23/12/1998', 'AUS', 'ALPECIN-DECEUNINCK');
INSERT INTO rider VALUES (33, 'Kasper Asgreen', '8/2/1995', 'DEN', 'EF EDUCATION - EASYPOST');
INSERT INTO rider VALUES (203, 'Joseph Blackmore', '23/2/2003', 'GBR', 'ISRAEL - PREMIER TECH');
INSERT INTO rider VALUES (125, 'Luka Mezgec', '27/6/1988', 'SLO', 'TEAM JAYCO ALULA');
INSERT INTO rider VALUES (13, 'Tiesj Benoot', '11/3/1994', 'BEL', 'TEAM VISMA | LEASE A BIKE');
INSERT INTO rider VALUES (106, 'Mathieu Van Der Poel', '19/1/1995', 'NED', 'ALPECIN-DECEUNINCK');
INSERT INTO rider VALUES (224, 'Stian Edvardsen-Fredheim', '23/3/2003', 'NOR', 'UNO-X MOBILITY');
INSERT INTO rider VALUES (221, 'Tobias Johannessen', '23/8/1999', 'NOR', 'UNO-X MOBILITY');
INSERT INTO rider VALUES (141, 'Enric Mas', '7/1/1995', 'ESP', 'MOVISTAR TEAM');
INSERT INTO rider VALUES (7, 'Tim Wellens', '10/5/1991', 'BEL', 'UAE TEAM EMIRATES XRG');
INSERT INTO rider VALUES (93, 'Cyril Barthe', '14/2/1996', 'FRA', 'GROUPAMA-FDJ');
INSERT INTO rider VALUES (222, 'Jonas Abrahamsen', '20/9/1995', 'NOR', 'UNO-X MOBILITY');
INSERT INTO rider VALUES (105, 'Jonas Rickaert', '7/2/1994', 'BEL', 'ALPECIN-DECEUNINCK');
INSERT INTO rider VALUES (104, 'Xandro Meurisse', '31/1/1992', 'BEL', 'ALPECIN-DECEUNINCK');
INSERT INTO rider VALUES (172, 'Davide Ballerini', '21/9/1994', 'ITA', 'XDS ASTANA TEAM');
INSERT INTO rider VALUES (12, 'Edoardo Affini', '24/6/1996', 'ITA', 'TEAM VISMA | LEASE A BIKE');
INSERT INTO rider VALUES (81, 'Jonathan Milan', '1/10/2000', 'ITA', 'LIDL-TREK');
INSERT INTO rider VALUES (211, 'Arnaud De Lie', '16/3/2002', 'BEL', 'LOTTO');
INSERT INTO rider VALUES (163, 'Bryan Coquard', '25/4/1992', 'FRA', 'COFIDIS');
INSERT INTO rider VALUES (73, 'Jordi Meeus', '1/7/1998', 'BEL', 'RED BULL - BORA - HANSGROHE');
INSERT INTO rider VALUES (193, 'Pavel Bittner', '29/10/2002', 'CZE', 'TEAM PICNIC POSTNL');
INSERT INTO rider VALUES (112, 'Alberto Dainese', '25/3/1998', 'ITA', 'TUDOR PRO CYCLING TEAM');
INSERT INTO rider VALUES (57, 'Robert Stannard', '16/9/1998', 'AUS', 'BAHRAIN VICTORIOUS');
INSERT INTO rider VALUES (52, 'Phil Bauhaus', '8/7/1994', 'GER', 'BAHRAIN VICTORIOUS');
INSERT INTO rider VALUES (24, 'Tim Merlier', '30/10/1992', 'BEL', 'SOUDAL QUICK-STEP');
INSERT INTO rider VALUES (17, 'Wout Van Aert', '15/9/1994', 'BEL', 'TEAM VISMA | LEASE A BIKE');
INSERT INTO rider VALUES (77, 'Danny Van Poppel', '26/7/1993', 'NED', 'RED BULL - BORA - HANSGROHE');
INSERT INTO rider VALUES (35, 'Neilson Powless', '3/9/1996', 'USA', 'EF EDUCATION - EASYPOST');
INSERT INTO rider VALUES (225, 'Markus Hoelgaard', '4/10/1994', 'NOR', 'UNO-X MOBILITY');
INSERT INTO rider VALUES (153, 'Clément Berthet', '2/8/1997', 'FRA', 'DECATHLON AG2R LA MONDIALE TEAM');
INSERT INTO rider VALUES (195, 'Tobias Lund Andresen', '8/2/2002', 'DEN', 'TEAM PICNIC POSTNL');
INSERT INTO rider VALUES (85, 'Mattias Skjelmose', '26/9/2000', 'DEN', 'LIDL-TREK');
INSERT INTO rider VALUES (213, 'Jasper De Buyst', '24/11/1993', 'BEL', 'LOTTO');
INSERT INTO rider VALUES (161, 'Emanuel Buchmann', '18/11/1992', 'GER', 'COFIDIS');
INSERT INTO rider VALUES (204, 'Guillaume Boivin', '25/5/1989', 'CAN', 'ISRAEL - PREMIER TECH');
INSERT INTO rider VALUES (2, 'Joao Almeida', '5/8/1998', 'POR', 'UAE TEAM EMIRATES XRG');
INSERT INTO rider VALUES (132, 'Amaury Capiot', '25/6/1993', 'BEL', 'ARKEA-B&B HOTELS');
INSERT INTO rider VALUES (124, 'Dylan Groenewegen', '21/6/1993', 'NED', 'TEAM JAYCO ALULA');
INSERT INTO rider VALUES (223, 'Magnus Cort Nielsen', '16/1/1993', 'DEN', 'UNO-X MOBILITY');
INSERT INTO rider VALUES (134, 'Arnaud Demare', '26/8/1991', 'FRA', 'ARKEA-B&B HOTELS');
INSERT INTO rider VALUES (165, 'Alexis Renard', '1/6/1999', 'FRA', 'COFIDIS');
INSERT INTO rider VALUES (31, 'Ben Healy', '11/9/2000', 'IRL', 'EF EDUCATION - EASYPOST');
INSERT INTO rider VALUES (205, 'Matis Louvel', '19/7/1999', 'FRA', 'ISRAEL - PREMIER TECH');
INSERT INTO rider VALUES (156, 'Aurélien Paret Peintre', '27/2/1996', 'FRA', 'DECATHLON AG2R LA MONDIALE TEAM');
INSERT INTO rider VALUES (21, 'Remco Evenepoel', '25/1/2000', 'BEL', 'SOUDAL QUICK-STEP');
INSERT INTO rider VALUES (186, 'Jordan Jegat', '7/6/1999', 'FRA', 'TOTALENERGIES');
INSERT INTO rider VALUES (66, 'Carlos Rodriguez', '2/2/2001', 'ESP', 'INEOS GRENADIERS');
INSERT INTO rider VALUES (107, 'Gianni Vermeersch', '19/11/1992', 'BEL', 'ALPECIN-DECEUNINCK');
INSERT INTO rider VALUES (51, 'Santiago Buitrago', '26/9/1999', 'COL', 'BAHRAIN VICTORIOUS');
INSERT INTO rider VALUES (37, 'Michael Valgren', '7/2/1992', 'DEN', 'EF EDUCATION - EASYPOST');
INSERT INTO rider VALUES (155, 'Oliver Naesen', '16/9/1990', 'BEL', 'DECATHLON AG2R LA MONDIALE TEAM');
INSERT INTO rider VALUES (191, 'Oscar Onley', '13/10/2002', 'GBR', 'TEAM PICNIC POSTNL');
INSERT INTO rider VALUES (151, 'Félix Gall', '27/2/1998', 'AUT', 'DECATHLON AG2R LA MONDIALE TEAM');
INSERT INTO rider VALUES (28, 'Ilan Van Wilder', '14/5/2000', 'BEL', 'SOUDAL QUICK-STEP');
INSERT INTO rider VALUES (23, 'Pascal Eenkhoorn', '8/2/1997', 'NED', 'SOUDAL QUICK-STEP');
INSERT INTO rider VALUES (72, 'Florian Lipowitz', '21/9/2000', 'GER', 'RED BULL - BORA - HANSGROHE');
INSERT INTO rider VALUES (71, 'Primoz Roglic', '29/10/1989', 'SLO', 'RED BULL - BORA - HANSGROHE');
INSERT INTO rider VALUES (217, 'Lennert Van Eetvelt', '17/7/2001', 'BEL', 'LOTTO');
INSERT INTO rider VALUES (95, 'Valentin Madouas', '12/7/1996', 'FRA', 'GROUPAMA-FDJ');
INSERT INTO rider VALUES (91, 'Guillaume Martin Guyonnet', '9/6/1993', 'FRA', 'GROUPAMA-FDJ');
INSERT INTO rider VALUES (144, 'Nelson Oliveira', '6/3/1989', 'POR', 'MOVISTAR TEAM');
INSERT INTO rider VALUES (115, 'Fabian Lienhard', '3/9/1993', 'SUI', 'TUDOR PRO CYCLING TEAM');
INSERT INTO rider VALUES (194, 'Sean Flynn', '2/3/2000', 'GBR', 'TEAM PICNIC POSTNL');
INSERT INTO rider VALUES (67, 'Connor Swift', '30/10/1995', 'GBR', 'INEOS GRENADIERS');
INSERT INTO rider VALUES (61, 'Geraint Thomas', '25/5/1986', 'GBR', 'INEOS GRENADIERS');
INSERT INTO rider VALUES (184, 'Thomas Gachignard', '17/8/2000', 'FRA', 'TOTALENERGIES');
INSERT INTO rider VALUES (3, 'Jhonatan Narvaez', '4/3/1997', 'ECU', 'UAE TEAM EMIRATES XRG');
INSERT INTO rider VALUES (44, 'Hugo Page', '24/7/2001', 'FRA', 'INTERMARCHÉ - WANTY');
INSERT INTO rider VALUES (181, 'Steff Cras', '13/2/1996', 'BEL', 'TOTALENERGIES');
INSERT INTO rider VALUES (158, 'Bastien Tronchon', '29/3/2002', 'FRA', 'DECATHLON AG2R LA MONDIALE TEAM');
INSERT INTO rider VALUES (183, 'Alexandre Delettre', '25/10/1997', 'FRA', 'TOTALENERGIES');
INSERT INTO rider VALUES (54, 'Jack Haig', '6/9/1993', 'AUS', 'BAHRAIN VICTORIOUS');
INSERT INTO rider VALUES (162, 'Alex Aranburu', '19/9/1995', 'ESP', 'COFIDIS');
INSERT INTO rider VALUES (114, 'Marc Hirschi', '24/8/1998', 'SUI', 'TUDOR PRO CYCLING TEAM');
INSERT INTO rider VALUES (212, 'Jenno Berckmoes', '4/2/2001', 'BEL', 'LOTTO');
INSERT INTO rider VALUES (166, 'Dylan Teuns', '1/3/1992', 'BEL', 'COFIDIS');
INSERT INTO rider VALUES (218, 'Brent Van Moer', '12/1/1998', 'BEL', 'LOTTO');
INSERT INTO rider VALUES (63, 'Tobias Foss', '25/5/1997', 'NOR', 'INEOS GRENADIERS');
INSERT INTO rider VALUES (58, 'Fred Wright', '13/6/1999', 'GBR', 'BAHRAIN VICTORIOUS');
INSERT INTO rider VALUES (214, 'Jarrad Drizners', '31/5/1999', 'AUS', 'LOTTO');
INSERT INTO rider VALUES (32, 'Vincenzo Albanese', '12/11/1996', 'ITA', 'EF EDUCATION - EASYPOST');
INSERT INTO rider VALUES (127, 'Elmar Reinders', '14/3/1992', 'NED', 'TEAM JAYCO ALULA');
INSERT INTO rider VALUES (78, 'Aleksandr Vlasov', '23/4/1996', NULL, 'RED BULL - BORA - HANSGROHE');
INSERT INTO rider VALUES (157, 'Callum Scotson', '10/8/1996', 'AUS', 'DECATHLON AG2R LA MONDIALE TEAM');
INSERT INTO rider VALUES (192, 'Warren Barguil', '28/10/1991', 'FRA', 'TEAM PICNIC POSTNL');
INSERT INTO rider VALUES (56, 'Matej Mohoric', '19/10/1994', 'SLO', 'BAHRAIN VICTORIOUS');
INSERT INTO rider VALUES (34, 'Alex Baudin', '25/5/2001', 'FRA', 'EF EDUCATION - EASYPOST');
INSERT INTO rider VALUES (138, 'Clément Venturini', '16/10/1993', 'FRA', 'ARKEA-B&B HOTELS');
INSERT INTO rider VALUES (27, 'Bert Van Lerberghe', '29/9/1992', 'BEL', 'SOUDAL QUICK-STEP');
INSERT INTO rider VALUES (86, 'Toms Skujins', '15/6/1991', 'LAT', 'LIDL-TREK');
INSERT INTO rider VALUES (88, 'Edward Theuns', '30/4/1991', 'BEL', 'LIDL-TREK');
INSERT INTO rider VALUES (43, 'Vito Braet', '2/11/2000', 'BEL', 'INTERMARCHÉ - WANTY');
INSERT INTO rider VALUES (75, 'Laurence Pithie', '17/7/2002', 'NZL', 'RED BULL - BORA - HANSGROHE');
INSERT INTO rider VALUES (82, 'Simone Consonni', '12/9/1994', 'ITA', 'LIDL-TREK');
INSERT INTO rider VALUES (22, 'Mattia Cattaneo', '25/10/1990', 'ITA', 'SOUDAL QUICK-STEP');
INSERT INTO rider VALUES (14, 'Victor Campenaerts', '28/10/1991', 'BEL', 'TEAM VISMA | LEASE A BIKE');
INSERT INTO rider VALUES (16, 'Sepp Kuss', '13/9/1994', 'USA', 'TEAM VISMA | LEASE A BIKE');
INSERT INTO rider VALUES (74, 'Gianni Moscon', '20/4/1994', 'ITA', 'RED BULL - BORA - HANSGROHE');
INSERT INTO rider VALUES (76, 'Mick Van Dijke', '15/3/2000', 'NED', 'RED BULL - BORA - HANSGROHE');
INSERT INTO rider VALUES (164, 'Ion Izagirre', '4/2/1989', 'ESP', 'COFIDIS');
INSERT INTO rider VALUES (6, 'Marc Soler', '22/11/1993', 'ESP', 'UAE TEAM EMIRATES XRG');
INSERT INTO rider VALUES (53, 'Kamil Gradek', '17/9/1990', 'POL', 'BAHRAIN VICTORIOUS');
INSERT INTO rider VALUES (4, 'Nils Politt', '6/3/1994', 'GER', 'UAE TEAM EMIRATES XRG');
INSERT INTO rider VALUES (227, 'Andreas Leknessund', '21/5/1999', 'NOR', 'UNO-X MOBILITY');
INSERT INTO rider VALUES (226, 'Anders Johannessen', '23/8/1999', 'NOR', 'UNO-X MOBILITY');
INSERT INTO rider VALUES (96, 'Quentin Pacher', '6/1/1992', 'FRA', 'GROUPAMA-FDJ');
INSERT INTO rider VALUES (171, 'Harold Tejada', '27/4/1997', 'COL', 'XDS ASTANA TEAM');
INSERT INTO rider VALUES (152, 'Bruno Armirail', '11/4/1994', 'FRA', 'DECATHLON AG2R LA MONDIALE TEAM');
INSERT INTO rider VALUES (215, 'Sébastien Grignard', '29/4/1999', 'BEL', 'LOTTO');
INSERT INTO rider VALUES (136, 'Mathis Le Berre', '16/4/2001', 'FRA', 'ARKEA-B&B HOTELS');
INSERT INTO rider VALUES (62, 'Thymen Arensman', '4/12/1999', 'NED', 'INEOS GRENADIERS');
INSERT INTO rider VALUES (46, 'Jonas Rutsch', '24/1/1998', 'GER', 'INTERMARCHÉ - WANTY');
INSERT INTO rider VALUES (216, 'Eduardo Sepulveda', '13/6/1991', 'ARG', 'LOTTO');
INSERT INTO rider VALUES (48, 'Georg Zimmermann', '11/10/1997', 'GER', 'INTERMARCHÉ - WANTY');
INSERT INTO rider VALUES (146, 'Gregor Mühlberger', '4/4/1994', 'AUT', 'MOVISTAR TEAM');
INSERT INTO rider VALUES (167, 'Benjamin Thomas', '12/9/1995', 'FRA', 'COFIDIS');
INSERT INTO rider VALUES (148, 'Einer Rubio Reyes', '22/2/1998', 'COL', 'MOVISTAR TEAM');
INSERT INTO rider VALUES (137, 'Cristian Rodriguez', '3/3/1995', 'ESP', 'ARKEA-B&B HOTELS');
INSERT INTO rider VALUES (198, 'Frank Van Den Broek', '28/12/2000', 'NED', 'TEAM PICNIC POSTNL');
INSERT INTO rider VALUES (84, 'Quinn Simmons', '8/5/2001', 'USA', 'LIDL-TREK');
INSERT INTO rider VALUES (197, 'Tim Naberman', '11/5/1999', 'NED', 'TEAM PICNIC POSTNL');
INSERT INTO rider VALUES (176, 'Sergio Higuita', '1/8/1997', 'COL', 'XDS ASTANA TEAM');
INSERT INTO rider VALUES (174, 'Clément Champoussin', '29/5/1998', 'FRA', 'XDS ASTANA TEAM');
INSERT INTO rider VALUES (45, 'Laurenz Rex', '15/12/1999', 'BEL', 'INTERMARCHÉ - WANTY');
INSERT INTO rider VALUES (143, 'Pablo Castrillo Zapater', '2/1/2001', 'ESP', 'MOVISTAR TEAM');
INSERT INTO rider VALUES (135, 'Raul Garcia Pierna', '23/2/2001', 'ESP', 'ARKEA-B&B HOTELS');
INSERT INTO rider VALUES (94, 'Romain Gregoire', '21/1/2003', 'FRA', 'GROUPAMA-FDJ');
INSERT INTO rider VALUES (133, 'Ewen Costiou', '10/11/2002', 'FRA', 'ARKEA-B&B HOTELS');
INSERT INTO rider VALUES (25, 'Valentin Paret Peintre', '14/1/2001', 'FRA', 'SOUDAL QUICK-STEP');
INSERT INTO rider VALUES (185, 'Emilien Jeanniere', '26/9/1998', 'FRA', 'TOTALENERGIES');
INSERT INTO rider VALUES (117, 'Michael Storer', '28/2/1997', 'AUS', 'TUDOR PRO CYCLING TEAM');
INSERT INTO rider VALUES (122, 'Edward Dunbar', '1/9/1996', 'IRL', 'TEAM JAYCO ALULA');
INSERT INTO rider VALUES (5, 'Pavel Sivakov', '11/7/1997', 'FRA', 'UAE TEAM EMIRATES XRG');
INSERT INTO rider VALUES (8, 'Adam Yates', '7/8/1992', 'GBR', 'UAE TEAM EMIRATES XRG');
INSERT INTO rider VALUES (108, 'Emiel Verstrynge', '4/2/2002', 'BEL', 'ALPECIN-DECEUNINCK');
INSERT INTO rider VALUES (208, 'Jake Stewart', '2/10/1999', 'GBR', 'ISRAEL - PREMIER TECH');
INSERT INTO rider VALUES (206, 'Alexey Lutsenko', '7/9/1992', 'KAZ', 'ISRAEL - PREMIER TECH');
INSERT INTO rider VALUES (121, 'Ben O''Connor', '25/11/1995', 'AUS', 'TEAM JAYCO ALULA');
INSERT INTO rider VALUES (128, 'Mauro Schmid', '4/12/1999', 'SUI', 'TEAM JAYCO ALULA');
INSERT INTO rider VALUES (38, 'Marijn Van Den Berg', '19/7/1999', 'NED', 'EF EDUCATION - EASYPOST');
INSERT INTO rider VALUES (123, 'Luke Durbridge', '9/4/1991', 'AUS', 'TEAM JAYCO ALULA');
INSERT INTO rider VALUES (18, 'Simon Yates', '7/8/1992', 'GBR', 'TEAM VISMA | LEASE A BIKE');
INSERT INTO rider VALUES (65, 'Axel Laurance', '13/4/2001', 'FRA', 'INEOS GRENADIERS');
INSERT INTO rider VALUES (102, 'Silvan Dillier', '3/8/1990', 'SUI', 'ALPECIN-DECEUNINCK');
INSERT INTO rider VALUES (201, 'Michael Woods', '12/10/1986', 'CAN', 'ISRAEL - PREMIER TECH');
INSERT INTO rider VALUES (178, 'Simone Velasco', '2/12/1995', 'ITA', 'XDS ASTANA TEAM');
INSERT INTO rider VALUES (26, 'Maximilian Schachmann', '9/1/1994', 'GER', 'SOUDAL QUICK-STEP');
INSERT INTO rider VALUES (126, 'Luke Plapp', '25/12/2000', 'AUS', 'TEAM JAYCO ALULA');
INSERT INTO rider VALUES (175, 'Yevgeniy Fedorov', '16/2/2000', 'KAZ', 'XDS ASTANA TEAM');
INSERT INTO rider VALUES (173, 'Cees Bol', '27/7/1995', 'NED', 'XDS ASTANA TEAM');
INSERT INTO rider VALUES (111, 'Julian Alaphilippe', '11/6/1992', 'FRA', 'TUDOR PRO CYCLING TEAM');
INSERT INTO rider VALUES (47, 'Roel Van Sintmaartensdijk', '8/5/2001', 'NED', 'INTERMARCHÉ - WANTY');
INSERT INTO rider VALUES (42, 'Louis Barre', '6/4/2000', 'FRA', 'INTERMARCHÉ - WANTY');
INSERT INTO rider VALUES (147, 'Ivan Romeo Abad', '16/8/2003', 'ESP', 'MOVISTAR TEAM');
INSERT INTO rider VALUES (142, 'William Barta', '4/1/1996', 'USA', 'MOVISTAR TEAM');
INSERT INTO rider VALUES (182, 'Mathieu Burgaudeau', '17/11/1998', 'FRA', 'TOTALENERGIES');
INSERT INTO rider VALUES (188, 'Matteo Vercher', '26/1/2001', 'FRA', 'TOTALENERGIES');
INSERT INTO rider VALUES (83, 'Thibau Nys', '12/11/2002', 'BEL', 'LIDL-TREK');
INSERT INTO rider VALUES (92, 'Lewis Askey', '4/5/2001', 'GBR', 'GROUPAMA-FDJ');
INSERT INTO rider VALUES (55, 'Lenny Martinez', '11/7/2003', 'FRA', 'BAHRAIN VICTORIOUS');

-- location table
INSERT INTO location VALUES ('Barcelona', 'ESP');

-- stage table
INSERT INTO stage VALUES (1, 'team time-trial', 19, '4/7/2025', 'Barcelona', 'Barcelona');

-- result table
INSERT INTO result VALUES (13991, 10, 0, 1, 101, 1);
INSERT INTO result VALUES (13991, 6, 0, 2, 41, 1);
INSERT INTO result VALUES (13991, 4, 0, 3, 228, 1);
INSERT INTO result VALUES (13991, 0, 0, 4, 187, 1);
INSERT INTO result VALUES (13991, 0, 0, 5, 118, 1);
INSERT INTO result VALUES (13991, 0, 0, 6, 98, 1);
INSERT INTO result VALUES (13991, 0, 0, 7, 97, 1);
INSERT INTO result VALUES (13991, 0, 0, 8, 15, 1);
INSERT INTO result VALUES (13991, 0, 0, 9, 116, 1);
INSERT INTO result VALUES (13991, 0, 0, 10, 68, 1);
INSERT INTO result VALUES (13991, 0, 0, 11, 177, 1);
INSERT INTO result VALUES (13991, 0, 0, 12, 145, 1);
INSERT INTO result VALUES (13991, 0, 0, 13, 196, 1);
INSERT INTO result VALUES (13991, 0, 0, 14, 36, 1);
INSERT INTO result VALUES (13991, 0, 0, 15, 207, 1);
INSERT INTO result VALUES (13991, 0, 0, 16, 131, 1);
INSERT INTO result VALUES (13991, 0, 0, 17, 168, 1);
INSERT INTO result VALUES (13991, 0, 0, 18, 1, 1);
INSERT INTO result VALUES (13991, 0, 0, 19, 202, 1);
INSERT INTO result VALUES (13991, 0, 0, 20, 11, 1);
INSERT INTO result VALUES (13991, 0, 0, 21, 87, 1);
INSERT INTO result VALUES (13991, 0, 0, 22, 113, 1);
INSERT INTO result VALUES (13991, 0, 0, 23, 103, 1);
INSERT INTO result VALUES (13991, 0, 0, 24, 33, 1);
INSERT INTO result VALUES (13991, 0, 0, 25, 203, 1);
INSERT INTO result VALUES (13991, 0, 0, 26, 125, 1);
INSERT INTO result VALUES (13991, 0, 0, 27, 13, 1);
INSERT INTO result VALUES (13991, 0, 0, 28, 106, 1);
INSERT INTO result VALUES (13991, 0, 0, 29, 224, 1);
INSERT INTO result VALUES (13991, 0, 0, 30, 221, 1);
INSERT INTO result VALUES (13991, 0, 0, 31, 141, 1);
INSERT INTO result VALUES (13991, 0, 0, 32, 7, 1);
INSERT INTO result VALUES (13991, 0, 0, 33, 93, 1);
INSERT INTO result VALUES (14004, 0, 0, 34, 222, 1);
INSERT INTO result VALUES (14004, 0, 0, 35, 105, 1);
INSERT INTO result VALUES (14004, 0, 0, 36, 104, 1);
INSERT INTO result VALUES (14011, 0, 0, 37, 172, 1);
INSERT INTO result VALUES (14016, 0, 0, 38, 12, 1);
INSERT INTO result VALUES (14030, 0, 0, 39, 81, 1);
INSERT INTO result VALUES (14030, 0, 0, 40, 211, 1);
INSERT INTO result VALUES (14030, 0, 0, 41, 163, 1);
INSERT INTO result VALUES (14030, 0, 0, 42, 73, 1);
INSERT INTO result VALUES (14030, 0, 0, 43, 193, 1);
INSERT INTO result VALUES (14030, 0, 0, 44, 112, 1);
INSERT INTO result VALUES (14030, 0, 0, 45, 57, 1);
INSERT INTO result VALUES (14030, 0, 0, 46, 52, 1);
INSERT INTO result VALUES (14030, 0, 0, 47, 24, 1);
INSERT INTO result VALUES (14030, 0, 0, 48, 17, 1);
INSERT INTO result VALUES (14030, 0, 0, 49, 77, 1);
INSERT INTO result VALUES (14030, 0, 0, 50, 35, 1);
INSERT INTO result VALUES (14030, 0, 0, 51, 225, 1);
INSERT INTO result VALUES (14030, 0, 0, 52, 153, 1);
INSERT INTO result VALUES (14030, 0, 0, 53, 195, 1);
INSERT INTO result VALUES (14030, 0, 0, 54, 85, 1);
INSERT INTO result VALUES (14030, 0, 0, 55, 213, 1);
INSERT INTO result VALUES (14030, 0, 0, 56, 161, 1);
INSERT INTO result VALUES (14030, 0, 0, 57, 204, 1);
INSERT INTO result VALUES (14030, 0, 0, 58, 2, 1);
INSERT INTO result VALUES (14030, 0, 0, 59, 132, 1);
INSERT INTO result VALUES (14030, 0, 0, 60, 124, 1);
INSERT INTO result VALUES (14030, 0, 0, 61, 223, 1);
INSERT INTO result VALUES (14030, 0, 0, 62, 134, 1);
INSERT INTO result VALUES (14030, 0, 0, 63, 165, 1);
INSERT INTO result VALUES (14030, 0, 0, 64, 31, 1);
INSERT INTO result VALUES (14030, 0, 0, 65, 205, 1);
INSERT INTO result VALUES (14030, 0, 0, 66, 156, 1);
INSERT INTO result VALUES (14030, 0, 0, 67, 21, 1);
INSERT INTO result VALUES (14030, 0, 0, 68, 186, 1);
INSERT INTO result VALUES (14030, 0, 0, 69, 66, 1);
INSERT INTO result VALUES (14030, 0, 0, 70, 107, 1);
INSERT INTO result VALUES (14030, 0, 0, 71, 51, 1);
INSERT INTO result VALUES (14030, 0, 0, 72, 37, 1);
INSERT INTO result VALUES (14030, 0, 0, 73, 155, 1);
INSERT INTO result VALUES (14030, 0, 0, 74, 191, 1);
INSERT INTO result VALUES (14030, 0, 0, 75, 151, 1);
INSERT INTO result VALUES (14030, 0, 0, 76, 28, 1);
INSERT INTO result VALUES (14030, 0, 0, 77, 23, 1);
INSERT INTO result VALUES (14030, 0, 0, 78, 72, 1);
INSERT INTO result VALUES (14030, 0, 0, 79, 71, 1);
INSERT INTO result VALUES (14030, 0, 0, 80, 217, 1);
INSERT INTO result VALUES (14030, 0, 0, 81, 95, 1);
INSERT INTO result VALUES (14030, 0, 0, 82, 91, 1);
INSERT INTO result VALUES (14030, 0, 0, 83, 144, 1);
INSERT INTO result VALUES (14030, 0, 0, 84, 115, 1);
INSERT INTO result VALUES (14030, 0, 0, 85, 194, 1);
INSERT INTO result VALUES (14030, 0, 0, 86, 67, 1);
INSERT INTO result VALUES (14030, 0, 0, 87, 61, 1);
INSERT INTO result VALUES (14030, 0, 0, 88, 184, 1);
INSERT INTO result VALUES (14030, 0, 0, 89, 3, 1);
INSERT INTO result VALUES (14030, 0, 0, 90, 44, 1);
INSERT INTO result VALUES (14030, 0, 0, 91, 181, 1);
INSERT INTO result VALUES (14030, 0, 0, 92, 158, 1);
INSERT INTO result VALUES (14030, 0, 0, 93, 183, 1);
INSERT INTO result VALUES (14030, 0, 0, 94, 54, 1);
INSERT INTO result VALUES (14030, 0, 0, 95, 162, 1);
INSERT INTO result VALUES (14030, 0, 0, 96, 114, 1);
INSERT INTO result VALUES (14030, 0, 0, 97, 212, 1);
INSERT INTO result VALUES (14030, 0, 0, 98, 166, 1);
INSERT INTO result VALUES (14030, 0, 0, 99, 218, 1);
INSERT INTO result VALUES (14030, 0, 0, 100, 63, 1);
INSERT INTO result VALUES (14030, 0, 0, 101, 58, 1);
INSERT INTO result VALUES (14030, 0, 0, 102, 214, 1);
INSERT INTO result VALUES (14030, 0, 0, 103, 32, 1);
INSERT INTO result VALUES (14057, 0, 0, 104, 127, 1);
INSERT INTO result VALUES (14057, 0, 0, 105, 78, 1);
INSERT INTO result VALUES (14057, 0, 0, 106, 157, 1);
INSERT INTO result VALUES (14057, 0, 0, 107, 192, 1);
INSERT INTO result VALUES (14057, 0, 0, 108, 56, 1);
INSERT INTO result VALUES (14057, 0, 0, 109, 34, 1);
INSERT INTO result VALUES (14057, 0, 0, 110, 138, 1);
INSERT INTO result VALUES (14057, 0, 0, 111, 27, 1);
INSERT INTO result VALUES (14077, 0, 0, 112, 86, 1);
INSERT INTO result VALUES (14077, 0, 0, 113, 88, 1);
INSERT INTO result VALUES (14077, 0, 0, 114, 43, 1);
INSERT INTO result VALUES (14084, 0, 0, 115, 75, 1);
INSERT INTO result VALUES (14084, 0, 0, 116, 82, 1);
INSERT INTO result VALUES (14099, 0, 0, 117, 22, 1);
INSERT INTO result VALUES (14110, 0, 0, 118, 14, 1);
INSERT INTO result VALUES (14030, 0, 0, 119, 16, 1);
INSERT INTO result VALUES (14125, 0, 0, 120, 74, 1);
INSERT INTO result VALUES (14125, 0, 0, 121, 76, 1);
INSERT INTO result VALUES (14125, 0, 0, 122, 164, 1);
INSERT INTO result VALUES (14137, 0, 0, 123, 6, 1);
INSERT INTO result VALUES (14137, 0, 0, 124, 53, 1);
INSERT INTO result VALUES (14309, 0, 0, 125, 4, 1);
INSERT INTO result VALUES (14309, 0, 0, 126, 227, 1);
INSERT INTO result VALUES (14309, 0, 0, 127, 226, 1);
INSERT INTO result VALUES (14309, 0, 0, 128, 96, 1);
INSERT INTO result VALUES (14309, 0, 0, 129, 171, 1);
INSERT INTO result VALUES (14309, 0, 0, 130, 152, 1);
INSERT INTO result VALUES (14309, 0, 0, 131, 215, 1);
INSERT INTO result VALUES (14309, 0, 0, 132, 136, 1);
INSERT INTO result VALUES (14309, 0, 0, 133, 62, 1);
INSERT INTO result VALUES (14309, 0, 0, 134, 46, 1);
INSERT INTO result VALUES (14309, 0, 0, 135, 216, 1);
INSERT INTO result VALUES (14309, 0, 0, 136, 48, 1);
INSERT INTO result VALUES (14309, 0, 0, 137, 146, 1);
INSERT INTO result VALUES (14309, 0, 0, 138, 167, 1);
INSERT INTO result VALUES (14309, 0, 0, 139, 148, 1);
INSERT INTO result VALUES (14309, 0, 0, 140, 137, 1);
INSERT INTO result VALUES (14309, 0, 0, 141, 198, 1);
INSERT INTO result VALUES (14309, 0, 0, 142, 84, 1);
INSERT INTO result VALUES (14309, 0, 0, 143, 197, 1);
INSERT INTO result VALUES (14309, 0, 0, 144, 176, 1);
INSERT INTO result VALUES (14309, 0, 0, 145, 174, 1);
INSERT INTO result VALUES (14309, 0, 0, 146, 45, 1);
INSERT INTO result VALUES (14309, 0, 0, 147, 143, 1);
INSERT INTO result VALUES (14309, 0, 0, 148, 135, 1);
INSERT INTO result VALUES (14309, 0, 0, 149, 94, 1);
INSERT INTO result VALUES (14309, 0, 0, 150, 133, 1);
INSERT INTO result VALUES (14309, 0, 0, 151, 25, 1);
INSERT INTO result VALUES (14309, 0, 0, 152, 185, 1);
INSERT INTO result VALUES (14309, 0, 0, 153, 117, 1);
INSERT INTO result VALUES (14309, 0, 0, 154, 122, 1);
INSERT INTO result VALUES (14309, 0, 0, 155, 5, 1);
INSERT INTO result VALUES (14309, 0, 0, 156, 8, 1);
INSERT INTO result VALUES (14309, 0, 0, 157, 108, 1);
INSERT INTO result VALUES (14309, 0, 0, 158, 208, 1);
INSERT INTO result VALUES (14309, 0, 0, 159, 206, 1);
INSERT INTO result VALUES (13991, 0, 0, 160, 121, 1);
INSERT INTO result VALUES (14318, 0, 0, 161, 128, 1);
INSERT INTO result VALUES (13991, 0, 0, 162, 38, 1);
INSERT INTO result VALUES (14382, 0, 0, 163, 123, 1);
INSERT INTO result VALUES (14382, 0, 0, 164, 18, 1);
INSERT INTO result VALUES (14382, 0, 0, 165, 65, 1);
INSERT INTO result VALUES (14382, 0, 0, 166, 102, 1);
INSERT INTO result VALUES (14382, 0, 0, 167, 201, 1);
INSERT INTO result VALUES (14382, 0, 0, 168, 178, 1);
INSERT INTO result VALUES (14382, 0, 0, 169, 26, 1);
INSERT INTO result VALUES (14382, 0, 0, 170, 126, 1);
INSERT INTO result VALUES (14382, 0, 0, 171, 175, 1);
INSERT INTO result VALUES (14382, 0, 0, 172, 173, 1);
INSERT INTO result VALUES (14382, 0, 0, 173, 111, 1);
INSERT INTO result VALUES (14382, 0, 0, 174, 47, 1);
INSERT INTO result VALUES (14382, 0, 0, 175, 42, 1);
INSERT INTO result VALUES (14382, 0, 0, 176, 147, 1);
INSERT INTO result VALUES (14382, 0, 0, 177, 142, 1);
INSERT INTO result VALUES (14382, 0, 0, 178, 182, 1);
INSERT INTO result VALUES (14382, 0, 0, 179, 188, 1);
INSERT INTO result VALUES (14382, 0, 0, 180, 83, 1);
INSERT INTO result VALUES (14382, 0, 0, 181, 92, 1);
INSERT INTO result VALUES (14542, 0, 0, 182, 55, 1);

-- exit table
INSERT INTO exit VALUES ('withdrawal', 64, 1);
INSERT INTO exit VALUES ('withdrawal', 154, 1);
